<?xml version="1.0" encoding="utf-8"?>

<odoo>
    <data noupdate="1">
        <!-- HR Department -->
        <record id="dep_school" model="hr.department">
            <field name="name">school</field>
            <field name="company_id" ref="base.main_company"/>
            <field name="manager_id" ref="hr.employee_jve"/>
        </record>

        <!-- HR Jobs -->
        <record id="job_driver" model="hr.job">
            <field name="name">Driver</field>
            <field name="department_id" ref="dep_school"/>
        </record>

        <!--hr.employee-->
        <record id="hr_employee_driver_1" model="hr.employee">
            <field name="name">Driver-1</field>
            <field name="job_id" ref="job_driver"/>
            <field name="is_driver" eval="True"/>
            <field name="licence_no">GJ182412743</field>
        </record>
        <record id="hr_employee_driver_2" model="hr.employee">
            <field name="name">Driver-2</field>
            <field name="job_id" ref="job_driver"/>
            <field name="is_driver" eval="True"/>
            <field name="licence_no">GJ282812756</field>
        </record>
        <record id="hr_employee_driver_3" model="hr.employee">
            <field name="name">Driver-3</field>
            <field name="job_id" ref="job_driver"/>
            <field name="is_driver" eval="True"/>
            <field name="licence_no">GJ083419821</field>
        </record>
        <record id="hr_employee_driver_4" model="hr.employee">
            <field name="name">Driver-4</field>
            <field name="job_id" ref="job_driver"/>
            <field name="is_driver" eval="True"/>
            <field name="licence_no">GJ384255766</field>
        </record>

        <!--transport.point-->
        <record id="transport_point_1" model="transport.point">
            <field name="name">Transport Point-1</field>
            <field name="amount">1000</field>
        </record>
        <record id="transport_point_2" model="transport.point">
            <field name="name">Transport Point-2</field>
            <field name="amount">1200</field>
        </record>
        <record id="transport_point_3" model="transport.point">
            <field name="name">Transport Point-3</field>
            <field name="amount">1400</field>
        </record>
        <record id="transport_point_4" model="transport.point">
            <field name="name">Transport Point-4</field>
            <field name="amount">1000</field>
        </record>
        <record id="transport_point_5" model="transport.point">
            <field name="name">Transport Point-5</field>
            <field name="amount">1200</field>
        </record>
        <record id="transport_point_6" model="transport.point">
            <field name="name">Transport Point-6</field>
            <field name="amount">1400</field>
        </record>

        <record id="student_transport_1" model="student.transport">
            <field name="name"> Transport Point-1 to Transport Point-4</field>
            <field name="start_date" eval="(DateTime.today() - relativedelta(days=1)).strftime('%Y-%m-%d %H:%M')"/>
            <field name="end_date" eval="(DateTime.today() + relativedelta(years=+1)).strftime('%Y-%m-%d %H:%M')"/>
            <field name="contact_per_id" ref="school.demo_student_student_1"/>
            <field name="state">draft</field>
        </record>
        <record id="student_transport_2" model="student.transport">
            <field name="name"> Transport Point-1 to Transport Point-3</field>
            <field name="start_date" eval="(DateTime.today() - relativedelta(days=1)).strftime('%Y-%m-%d %H:%M')"/>
            <field name="end_date" eval="(DateTime.today() + relativedelta(years=+1)).strftime('%Y-%m-%d %H:%M')"/>
            <field name="contact_per_id" ref="school.demo_student_student_2"/>
            <field name="state">draft</field>
        </record>
        <record id="student_transport_3" model="student.transport">
            <field name="name"> Transport Point-1 to Transport Point-2</field>
            <field name="start_date" eval="(DateTime.today() - relativedelta(days=1)).strftime('%Y-%m-%d %H:%M')"/>
            <field name="end_date" eval="(DateTime.today() + relativedelta(years=+1)).strftime('%Y-%m-%d %H:%M')"/>
            <field name="contact_per_id" ref="school.demo_student_student_3"/>
            <field name="state">draft</field>
        </record>
        <record id="student_transport_4" model="student.transport">
            <field name="name"> Transport Point-2 to Transport Point-4</field>
            <field name="start_date" eval="(DateTime.today() - relativedelta(days=1)).strftime('%Y-%m-%d %H:%M')"/>
            <field name="end_date" eval="(DateTime.today() + relativedelta(years=+1)).strftime('%Y-%m-%d %H:%M')"/>
            <field name="contact_per_id" ref="school.demo_student_student_4"/>
            <field name="state">draft</field>
        </record>
        <record id="student_transport_5" model="student.transport">
            <field name="name"> Transport Point-2 to Transport Point-3</field>
            <field name="start_date" eval="(DateTime.today() - relativedelta(days=1)).strftime('%Y-%m-%d %H:%M')"/>
            <field name="end_date" eval="(DateTime.today() + relativedelta(years=+1)).strftime('%Y-%m-%d %H:%M')"/>
            <field name="contact_per_id" ref="school.demo_student_student_5"/>
            <field name="state">draft</field>
        </record>

        <!--         transport.participants -->

        <record id="transport_participant_1" model="transport.participant">
            <field name="name" ref="school.demo_student_student_8"/>
            <field name="stu_pid_id">2015/07/001</field>
            <field name="transport_id" ref="student_transport_1"/>
            <field name="tr_reg_date" eval="(DateTime.today()).strftime('%Y-01-01')"/>
            <field name="tr_end_date" eval="(DateTime.today()).strftime('%Y-12-31')"/>
            <field name="point_id" ref="transport_point_1"/>
            <field name="months">2</field>
            <field name="amount">2000</field>
        </record>
       <record id="transport_participant_2" model="transport.participant">
            <field name="name" ref="school.demo_student_student_5"/>
            <field name="stu_pid_id">2015/07/002</field>
            <field name="transport_id" ref="student_transport_2"/>
            <field name="point_id" ref="transport_point_2"/>
            <field name="tr_reg_date" eval="(DateTime.today().strftime('%Y-%m-%d %H:%M'))"/>
            <field name="tr_end_date" eval="(DateTime.today() + relativedelta(months=+2)).strftime('%Y-%m-%d %H:%M')"/>
            <field name="months">2</field>
            <field name="amount">2400</field>
        </record>
        <record id="transport_participant_3" model="transport.participant">
            <field name="name" ref="school.demo_student_student_6"/>
            <field name="stu_pid_id">2015/07/003</field>
            <field name="transport_id" ref="student_transport_3"/>
            <field name="point_id" ref="transport_point_4"/>
            <field name="tr_reg_date" eval="(DateTime.today().strftime('%Y-%m-%d %H:%M'))"/>
            <field name="tr_end_date" eval="(DateTime.today() + relativedelta(months=+2)).strftime('%Y-%m-%d %H:%M')"/>
            <field name="months">3</field>
            <field name="amount">3000</field>
        </record>
        <record id="transport_participant_4" model="transport.participant">
            <field name="name" ref="school.demo_student_student_7"/>
            <field name="stu_pid_id">2015/07/004</field>
            <field name="transport_id" ref="student_transport_4"/>
            <field name="point_id" ref="transport_point_5"/>
            <field name="tr_reg_date" eval="(DateTime.today().strftime('%Y-%m-%d %H:%M'))"/>
            <field name="tr_end_date" eval="(DateTime.today() + relativedelta(months=+2)).strftime('%Y-%m-%d %H:%M')"/>
            <field name="months">3</field>
            <field name="amount">3600</field>
        </record>
        
        <!-- transport vehicle -->
        <record id="transport_vehicle_1" model="transport.vehicle">
            <field name="vehicle"> GRN 1623</field>
            <field name="driver_id" ref="hr_employee_driver_1"/>
            <field name="capacity">56</field>
            <field name="participant">1</field>
            <field name="vehi_participants_ids"
                    eval="[(4,ref('transport_participant_1'))]"/>
        </record>
        <record id="transport_vehicle_2" model="transport.vehicle">
            <field name="vehicle"> GJW-2 9666</field>
            <field name="capacity">56</field>
            <field name="participant">1</field>
            <field name="driver_id" ref="hr_employee_driver_2"/>
            <field name="vehi_participants_ids"
                    eval="[(4,ref('transport_participant_2'))]"/>
        </record>
        <record id="transport_vehicle_3" model="transport.vehicle">
            <field name="vehicle"> GJV-2 9666</field>
            <field name="driver_id" ref="hr_employee_driver_3"/>
            <field name="capacity">56</field>
            <field name="participant">1</field>
            <field name="vehi_participants_ids"
                    eval="[(4,ref('transport_participant_3'))]"/>
        </record>
        <record id="transport_vehicle_4" model="transport.vehicle">
            <field name="vehicle"> GJ-1 1906</field>
            <field name="driver_id" ref="hr_employee_driver_4"/>
            <field name="capacity">56</field>
            <field name="participant">1</field>
            <field name="vehi_participants_ids"
                    eval="[(4,ref('transport_participant_4'))]"/>
        </record>
         <!--transport.registration-->

        <record id="transport_registration_1" model="transport.registration">
            <field name="name" ref="student_transport_1"/>
            <field name="part_name" ref="school.demo_student_student_8"/>
             <field name="reg_date" eval="(DateTime.today().strftime('%Y-%m-%d %H:%M'))"/>
            <!-- <field name="reg_state">draft</field> -->
            <field name="point_id" ref="transport_point_1"/>
            <field name="for_month">5</field>
            <field name="vehicle_id" ref="transport_vehicle_1"/>
        </record>
        <record id="transport_registration_2" model="transport.registration">
            <field name="name" ref="student_transport_1"/>
            <field name="part_name" ref="school.demo_student_student_7"/>
             <field name="reg_date" eval="(DateTime.today().strftime('%Y-%m-%d %H:%M'))"/>
           <!--  <field name="reg_state">draft</field> -->
            <field name="point_id" ref="transport_point_2"/>
            <field name="for_month">4</field>
            <field name="vehicle_id" ref="transport_vehicle_2"/>
        </record>
        <record id="transport_registration_3" model="transport.registration">
            <field name="name" ref="student_transport_1"/>
            <field name="part_name" ref="school.demo_student_student_6"/>
             <field name="reg_date" eval="(DateTime.today().strftime('%Y-%m-%d %H:%M'))"/>
            <!-- <field name="reg_state">draft</field> -->
            <field name="point_id" ref="transport_point_3"/>
            <field name="for_month">3</field>
            <field name="vehicle_id" ref="transport_vehicle_1"/>
        </record>
        <record id="transport_registration_4" model="transport.registration">
            <field name="name" ref="student_transport_2"/>
            <field name="part_name" ref="school.demo_student_student_5"/>
             <field name="reg_date" eval="(DateTime.today().strftime('%Y-%m-%d %H:%M'))"/>
            <!-- <field name="reg_state">draft</field> -->
            <field name="point_id" ref="transport_point_4"/>
            <field name="for_month">2</field> 
            <field name="vehicle_id" ref="transport_vehicle_3"/>
        </record>
        
        <!--student.student-->
        <record id="school.demo_student_student_8" model="student.student">
            <field name="transport_ids" eval="[(6, 0,[ref('transport_participant_1')])]" />
        </record>
        <record id="school.demo_student_student_7" model="student.student">
            <field name="transport_ids" eval="[(6, 0,[ref('transport_participant_2')])]" />
        </record>
        <record id="school.demo_student_student_6" model="student.student">
            <field name="transport_ids" eval="[(6, 0,[ref('transport_participant_3')])]" />
        </record>
        <record id="school.demo_student_student_5" model="student.student">
            <field name="transport_ids" eval="[(6, 0,[ref('transport_participant_4')])]" />
        </record>
    </data>
</odoo>
